Outlet Name,Outlet Reach (Weekly),Outlet Reach (Monthly),Market,Media Type
KDLT (NBC),10220,10220,"Sioux Falls, SD",TV
KHON-HON (FOX),403,403,"Honolulu, HI",TV
KTTC (NBC),3561,3561,"Rochester, MN",TV
 Spectrum News Austin,1000,1000,"Austin, TX",TV
10 ews san diego,99563,398252,"San Diego, CA",Online
100.1 Big Country,1912.25,7649,"Willmar, MN",Online
102.7 Coyote Country,1000,4000,"Las Vegas, NV",Online
102.7 KIIS FM,12032.5,48130,"Burbank, CA",Online
102.7 KORD Online,1000,4000,"Pasco, WA",Online
102.7 Nash FM,1000,4000,"Melbourne, FL",Online
103.1 The Wolf,1000,4000,"Orlando, FL",Online
104.5 The Cat,1000,4000,"Lexington, KY",Online
105.5 The Hawk,1000,4000,"Idaho Falls, ID",Online
106.3 The Wolf,1000,4000,Local,Online
107.1 Nash Icon,1000,4000,Local,Online
12Up,195617.75,782471,National,Online
13 News Now,54081,216324,"Norfolk, VA",Online
24/7 Sports,842217,3368868,National,Online
49ers.com,1000,4000,"San Francisco, CA",Online
7News - WHDH Boston fb,467840,467840,"Boston, MA",Social
9 News,10391.75,41567,"Denver, CO",Online
9 News online,193004,772016,"Denver, CO",Online
92.5 KISS FM,1000,4000,"Toledo, OH",Online
92.5 XTU,2328,9312,"Philadelphia, PA",Online
92.9 The Game,1000,4000,"Atlanta, GA",Radio
93.7 Kiss Country,1000,4000,"Fresno, CA",Online
94.1 The Duke,1000,4000,Local,Online
94.3 KAT Country,1000,4000,Local,Online
94.5 The Buzz,7009.75,28039,"Houston, TX",Online
95.1 WAPE,1000,4000,Local,Online
96.1 Kiss,1000,4000,"Pittsburgh, PA",Online
96.9 The Game,1000,4000,"Maitland, FL",Online
96.9 The Game fb,5568,5568,"Maitland, FL",Social
97.1 The Ticket,1000,4000,"Detroit, MI",Online
97.3 The Eagle,1000,4000,Local,Online
97.5 Country,1000,4000,"Honolulu, HI",Online
97.9 Kick FM,1000,4000,National,Online
971 The Ticket,4580.25,18321,"Detriot, MI",Online
97X,2992.5,11970,"Tampa, FL",Online
98 Rock,1000,4000,"Tampa, FL",Online
99.5 QYK,1000,4000,"St. Petersburg, FL",Online
99.9 Gator Country fb,50362,50362,"Jacksonville, FL",Social
99.9 Radio USA,1000,4000,"Hibbing, MN",Online
9News Sports fb,13270,13270,"Denver, CO",Social
ABC 10 News San Diego,99563,398252,"San Diego, CA",Online
ABC 15 Arizona,230791.75,923167,"Phoeniz, AZ",Online
ABC 7 Denver,142510.25,570041,"Denver, CO",Online
ABC News Online,1979282.5,7917130,National,Online
ABC News Radio Online,7917.75,31671,National,Online
Access Online,25182,100728,National,Online
Actions News Now,20578,82312,Local,Online
Ad Age,132270.75,529083,National,Online
Ad Exchanger,19211.5,76846,National,Online
Adage,132270.75,529083,National,Online
Adweek,282324,1129296,National,Online
Adweek Twitter,631938,631938,National,Social
Albany Herald,8994,35976,"Albany, NY",Online
All Access,14038.75,56155,National,Online
ALT 103.7,1000,4000,"Dallas, TX",Online
Amarilo Globe News,8087.75,32351,"Amarillo, TX",Online
AOL,2493936.25,9975745,National,Online
AOL.com,2493936.25,9975745,National,Online
Archy Sport,8935.5,35742,"Detriot, MI",Online
AZ Central,705497.5,2821990,"Phoenix, AZ",Online
B 93.7,1000,4000,"Sheboygan, WI",Online
Bardown,1000,4000,National,Online
BBD Online,273.25,1093,National,Online
Beaver 100.3,1000,4000,Local,Online
Beer Connoisseur,9179.75,36719,National,Online
Beer Net,1000,4000,National,Online
Best Ads,1000,4000,National,Online
Best Products,264721.25,1058885,National ,Online
Beverage Daily,12415.5,49662,National ,Online
Beverage Dynamics,2866.5,11466,National ,Online
Beverage Industry ,5776,23104,National,Online
Big Cat Country,9423.75,37695,"Jacksonville, FL",Online
Big News Network,13614.5,54458,National,Online
Billboard.com,1236478,4945912,National,Online
Billings Gazette,43431.75,173727,"Billings, MT",Online
Bleacher Report,1541681,6166724,National,Online
Bleeding Cool,127002.25,508009,National,Online
BMI,1171,1171,National,Trade
Brobible,543000,2172000,National,Online
Brownwood Bulletin,3938.75,15755,"Brownwood, TX",Online
Caspar Tribune,21842.25,87369,"Casper, WV",Online
CAT Country 1071,1000,4000,New Jersey,Online
CBS Baltimore (WJZ),134540.75,538163,"Baltimore, MD",Online
CBS Sports Online,2323815,9295260,National,Online
Chain Drug Review,1540.25,6161,National,Online
Channel 94.1,1000,4000,"Omaha, NE",Online
Charoltte Observer,119985.75,479943,"Charolette, NC",Online
Chicago Tribune,909686.5,3638746,"Chicago, IL",Online
Chief Marketer,6291,25164,National,Online
Chillicothe Gazette,2467.75,9871,"Chambersburg, PA",Online
Clear99,1000,4000,"Columbia, MO",Online
Click Orlando,235553.25,942213,"Orlando, FL",Online
Clutch Points,173153,692612,National,Online
ClutchPoints,1000,4000,National,Online
CNBC ,378430,378430,"Minneapolis, MN",TV
CNN,11919479.25,47677917,National ,Online
Collette Reitz IG,513,513,National ,Social
Coloradoan,10000,40000,"Denver, CO",Online
Complex,578698.5,2314794,National,Online
Coug Center - SB Nation,1566,6264,National,Online
Country 102.5,49605.25,198421,"Nashville, TN",Online
Country 103.7,1000,4000,"Charlotte, NC",Online
Country Living,1106883,4427532,National,Online
Country Music Playlist,1000,4000,National,Online
Cowboy's Woire,35880.5,143522,National,Online
Crestview News Bulletin,2530.25,10121,"Crestview, FL",Online
Crookston Daily Times,1000,4000,"Crookston, MN",Online
CSP Daily News,11484.5,45938,National ,Online
Customer Contact Week Digital,2444.25,9777,National,Online
Daily Adveritser,16502.75,66011,"Layfette, CA",Online
Daily Caller,378319.5,1513278,National,Online
Daily Comet,3069.75,12279,"New Orleans, LA",Online
Daily Journal,10941.75,43767,Local,Online
Daily Mail,5676889,22707556,National,Online
Daily News Jouranl,7487,29948,Local,Online
Daily Norseman,13260.5,53042,National,Online
Deadline,780830,3123320,National,Online
Delaware Online,1000,4000,Delaware,Online
Delish,1917292,7669168,National ,Online
Delish fb,21085163,21085163,National ,Social
Delmarva Now,1000,4000,Local,Online
Denver Business Journal,921994,3687976,"Denver, CO",Online
Des Moines Register,134482,537928,National,Online
Detriot Free Press,421051.75,1684207,National,Online
Detriot News,207196.5,828786,"Denver, CO",Online
Detroit Free Press,421051.75,1684207,"Detroit, MI",Online
Detroit Lions,9743.5,38974,"Detroit, MI",Online
Detroit Star,1000,4000,"Detroit, MI",Online
Dexerto,504673,2018692,National,Online
Diario Libre,12858.75,51435,National,Online
Digital 101.5,1000,4000,National,Online
DK Pittsburgh Sports,12135.5,48542,"Pittsburgh, PA",Online
Dodge City Daily News,1289.5,5158,"Dodge City, KS",Online
Dothan Eagle,4742.75,18971,"Dothan, AL",Online
Dover Online,1000,4000,"Dover, DE",Online
Draft Kings Nation,1084,4336,National,Online
Eater,752666.5,3010666,National ,Online
Elite Daily,506879.75,2027519,National ,Online
Elite Sports NY,15470.5,61882,"New York, NY",Online
emarketer,16291.25,65165,National,Online
Entertainment Rocks,1000,4000,National,Online
Espacio De Prensa,1000,4000,"New York, NY",Online
ESPN,4559421,18237684,National,Online
ESPN 1420,1000,4000,National,Online
ESPN- TV,249617,249617,National,TV
ESPN-TV,974000,974000,"Detroit, MI",TV
Esports Talk,1325.25,5301,National,Online
ESTNN,3439.25,13757,National,Online
ET Canada,51284.75,205139,National,Online
Evening Sun,1019.75,4079,"Norwich, NY",Online
Extra,1258114,1258114,National,TV
Facebook Marketing Dive,6950,6950,National,Social
Facebook: Blake McHugh TV,1178,1178,"Portland, OR",Social
Facebook: BroBible,1175281,1175281,National,Social
Facebook: CBS Baltimore (WJZ),367596,367596,"Baltimore, MD",Social
Facebook: Complex,5366971,5366971,National,Social
Facebook: Denver Biz Jouranl,17971,17971,"Denver, CO",Social
Facebook: FOX43 ,195179,195179,"York, PA",Social
Facebook: FOX43 Sports,1012,1012,"York, PA",Social
Facebook: Hola USA,461539,461539,National,Social
Facebook: MediaPost,29024,29024,National,Social
Facebook: NBC Sports Philadelphia,259666,259666,"Philadelphia, PA",Social
Facebook: NBC Sports Washington,353614,353614,"Washington, DC",Social
Facebook: NESN,646199,646199,"Boston, MA",Social
Facebook: News West 9 ,218920,218920,"Midland, TX",Social
Facebook: Popsugar,5429558,5429558,National,Social
Facebook: Spencer Dukoff,2430,2430,"Portland, OR",Social
Facebook: TMZ Sports,66402,66402,National,Social
Facebook: USA Today Sports,1145365,1145365,National,Social
Fan Duel,75084.25,300337,National,Online
FB: Best Products,2028129,2028129,National ,Social
First Coast News,89277.75,357111,"Jacksonville, FL",Online
Foc 99,1000,4000,Local,Online
Food Bev,1000,4000,National ,Online
Foodsided,3382.25,13529,National ,Online
For the Win,286577.75,1146311,National,Online
For the win fb,522409,522409,National,Social
Forbes,8433520,33734080,National,Online
Fort Worth Star Telegram,101618,406472,"Fort Worth, TX",Online
Foster's,27272,109088,"portsmouth, nH",Online
Fox & Friends,304271.75,1217087,Natioanl,TV
FOX 13 Now,86810,347240,"Salt Lake City, UT",Online
FOX 43,41408.25,165633,"York, PA",Online
FOX 47 Online,4782,19128,"Lansing, MI",Online
Fox and Friends,1400000,1400000,National,TV
Fox Business Network,200000,200000,National,TV
FOX Business News: mornings with Maria,120141,120141,National,TV
FOX Business Online,1314480.5,5257922,National,Online
FOX Newes,2029182,2029182,"Minneapolis, MN",TV
Fox News,5387718.25,21550873,National ,Online
FOX Sports,429395.5,1717582,National,Online
FOX43 Sports (WPMT),33051,132206,"York, PA",Online
Freeport Journal,1000,4000,Local,Online
Front Office Sports,13499.5,53998,National,Online
Front Office Sports Newsletter,4000,4000,National,Trade
Gainesville Sun,25158,100632,"Gainesville, GA",Online
Garden City Telegram,2161.75,8647,"Garden City, KS",Online
Giants Wiew USA Today,21838,87352,"New York, NY",Online
GMA,3400000,3400000,National,TV
Great Falls Tribune,12094,48376,"Great Falls, MI",Online
green Bay Press Gazetyte,23855.25,95421,"Green Bay, WI",Online
Greenville News,32097.25,128389,"Greenville, SC",Online
Gwinnett Daily Post fb,38904,38904,Local,Social
Hartford Courant,157766.5,631066,"Hartford, CT",Online
Hays Daily News,1648.5,6594,"Hays, KS",Online
Headline News,174476,174476,National ,TV
Heavy,1806917.75,7227671,National,Online
Herald Democrat,4691.5,18766,"Sherman, TX",Online
Herald Telegraph,1000,4000,"Rock Hill, SC",Online
Herlad and Review,26804,107216,"Decatour, IL",Online
Hola!,78823.5,315294,National,Online
Hold Out Sports,1000,4000,National,Online
HOT 101.9,1000,4000,"Charlottesville, VA",Online
Hot Augusta,20080.25,80321,"Augusta, GA",Online
Hot Country 93.1,1000,4000,"Yankton, SD",Online
Hot Virals,1000,4000,National,Online
Hutchinson News,8587.5,34350,"Hutchinson, KS",Online
Ian Leonard,23593,23593,National,Social
Idaho Statesman,42573.25,170293,Idaho,Online
IG: Colette Reitz,512,512,National ,Social
IG: Efrain,87102,87102,National ,Social
iHeart Radio,1468238.5,5872954,National,Online
iheart radio online,1117493,4469972,National ,Online
Illinois News Now,1000,4000,Illinois,Online
IMDB,5113790.75,20455163,National,Online
Indy Star,10000,40000,National,Online
Inform56,1000,4000,National,Online
Inquisitir,232585.75,930343,National,Online
International Business Times,343792.75,1375171,National,Online
Jackson Sun,5526.25,22105,"Jackson, FL",Online
Jags Wire,1635,6540,National,Online
Jaguars.com,6914.25,27657,"Jacksonville, FL",Online
Joe's Daily,1084,4336,Natioanl,Online
JournalStar,55868.25,223473,"Lincoln, NE",Online
Just-drinks,2497.5,9990,National,Online
K 104.7,1000,4000,"Beacon, NY",Online
K102 KM,1000,4000,"Minneapolis, MN",Online
K102.1,1000,4000,Minnesota,Online
KADN (FOX),4524,4524,"Lafayette, LA",TV
KAKE (ABC),4306,4306,"Wichita, KS",TV
Kansas City Star,139174.25,556697,"Kansas City, MO",Online
KARE-MIN (NBC),9378,9378,"Minneapolis, MN",TV
KARK (NBC),2166,2166,"Little Rock, AR",TV
Kat 103.7,1839,7356,"Omaha, NE",Online
KAT 94.3,1000,4000,"Jefferson City, MO",Online
KATC-TV Online,19042.25,76169,"Lafayette, LA",Online
KAVU (ABC),870,870,"Victoria, TX",TV
KAYU (FOX),1900,1900,"Spokane, WA",TV
KCMO,122,488,"Kansas City, MO",Online
KCPQ-SEA (FOX),2628,2628,"Seattle, WA",TV
KCTV-KC (CBS),36387,36387,"Kansas City, MO",TV
KCWY (NBC),2863,2863,"Casper, WY",TV
KDBC (CBS),1172,1172,"El Paso, TX",TV
KDVR,206927,827708,"Denver, CO",Online
KDVR (FOX),70852,70852,"Traverse City, MI",TV
KDVR-TV,12412,12412,"Denver, CO",TV
KESQ,23937,95748,"Palm Springs, CA",Online
KEYT,32773,131092,"Santa Barbara, CA",Online
KFDA (CBS),2657,2657,"Amarillo, TX",TV
KFGO Online,1000,4000,"Fargo, ND",Online
KFQX-TV,2165,2165,"Grand Junction, CO",TV
KFRU,45.5,182,"Columbia, MO",Online
KFXK (FOX),3277,3277,"Tyler, TX",TV
KGO-TV,9933.25,39733,"San Fran, CA",TV
KGTV Online,71819.5,287278,"San Diego, CA",Online
KGWN (CBS),13313,13313,"Cheyenne, WY",TV
khak,1000,4000,National,Online
KHNL-HON (NBC),5691,5691,"Honolulu, HI",TV
KHQ (NBC),18722,18722,"Spokane, WA",TV
KICKS 1063,1000,4000,"La Crosse, WI",Online
Kicks 99,1000,4000,"Augusta, GA",Online
KIFI (ABC),3344,3344,"Idaho Falls, ID",TV
KIIM 99.5,1000,4000,"Tuscon, AZ",Online
KIMT (CBS),607,607,"Rochester, MN",TV
KISS 95.1,1922.75,7691,"Mableton, GA",Online
KISS 98.3,73,292,"Winchester, VA",Online
Kitsap Sun,18872.75,75491,"New York, NY",Online
KITV,39650.75,158603,"Honolulu, HI",Online
KIVI-TV Online,9154,36616,"Nampa, ID",Online
KIX 92.1,1000,4000,Local,Online
KIX 92.7,1000,4000,Greenwood,Online
KJTV-TV,4000,4000,"Luddock, TX",TV
KLIK,1000,4000,"Jefferson City, MO",Online
KLJB-DAV (FOX),1674,1674,"Davenport, IA",TV
KLKN (ABC),3141,3141,"Lincoln, NE",TV
KLRT (FOX),9680,9680,"Little Rock, AR",TV
KLSR (FOX),6873,6873,"Eugene, OR",TV
KMAJ,1000,4000,"Kansas City, MO",Online
KMBC-KC (ABC),14276,14276,"Kansas City, MO",TV
KMIZ,28636,114544,"Columbia, MO",Online
KMOV Online,265662.5,1062650,"St. Louis, MO",Online
KMOV-STL (CBS),42749,42749,"St. Louis, MO",TV
KMSB (FOX),4473,4473,"Tucson, AZ",TV
KMSP-TV,59902,59902,"Minneapolis, MN",TV
KMTV Online,10088.75,40355,"Omaha, NE",Online
KNEB,6904,27616,"Scottsbluff, NE",Online
KNID 107.1,1000,4000,"knid, ohio",Online
KNIN (FOX),1017,1017,"Boise, ID",TV
KNOE (CBS),6082,24082,"Monroe, LA",TV
KOKH-OKC (FOX),18425,18425,"Oklahoma City, OK",TV
KOLN (CBS),4000,4000,"Lincoln, NE",TV
KOTA (ABC),4322,4322,"Rapid City, SD",TV
KPHO-PHX (CBS),60723,60723,"Phoenix, AZ",TV
KPLX-FM Online,1078.25,4313,"Dallas, TX",Online
KPRC-HOU (NBC),128325,128325,"Houston, TX",TV
KPVI (NBC),4148,4148,"Idaho Falls, ID",TV
KQCL Online,1000,4000,"Faribault, MN",Online
KQFX ABC ,1000,4000,"Columbia, SC",Online
KRDO,54245.25,216981,"Colorado Springs, CO",Online
KREM-TV,21803,21803,"Spokane, WA",TV
KRFO Radio Online,1000,4000,"Owatonna, MN",Online
KRIV-TV,48240,48240,"Houston, TX",TV
KRON-TV,26358,26358,"San Fran, CA",TV
KRVN,2998,11992,"Lexington, NE",Online
KSAT-SAT (ABC),74114,74114,"San Antonio, TX",TV
KSAT-TV,22628.25,90513,"San Antonio, TX",TV
KSAW (ABC),4000,4000,"Twin Falls, ID",TV
KSDK Online,173751.75,695007,"St. Louis, Mo",Online
KSDK-STL (NBC),3691,3691,"St. Louis, MO",TV
KSFO,1000,4000,"San Franscisco, CA",Online
KSHB,46657.5,186630,"Kansas City, MO",Online
KSHB-TV Online,36117.25,144469,"Kansas City, MO",Online
KSNB,4000,4000,"Lincoln, NE",TV
KSON Radio.com,1000,4000,National,Online
KSPR (ABC),26067,26067,"Springfield, MO",TV
KSSN iHeart,1000,4000,National,Online
KTBC-TV,29860,29860,"Austin, TX",TV
KTEN,9755,39020,"Ada, OK",Online
KTEN (NBC),1173.75,4695,"Sherman, TX",TV
KTIV (NBC),7550,7550,"Sioux City, IA",TV
KTLO,4401.5,17606,"Mountain Home, AR",Online
KTLO 97.9,1000,4000,"Mountain Home, AR",Online
KTMX,1000,4000,"York, NE",Online
KTNV Online,76397,305588,"Las Vegas, NV",Online
KTRS-AM (Radio) ,54600,54600,"St. Louis, MO",Radio
KTUL (ABC),23818,23818,"Tulsa, OK",TV
KTVE (NBC),749,749,"Monroe, LA",TV
KTVI-STL (FOX),35931,35931,"St. Louis, MO",TV
KTVK-PHX,55238,55238,"Phoenix, AZ",TV
KTVO (ABC),1605,1605,"Ottumwa, IA",TV
KTVZ,41036.25,164145,"Bend, OR",Online
KTVZ Online,41036.25,164145,"Bend, OR",Online
KTXL-TV,12467,12467,"Sacremento, CA",TV
KUSI_TV,11919,11919,"San Diego, CA",TV
KUSI-SD,16040,16040,"San Diego, CA",TV
KVIA,30514.5,122058,"El Paso, TX",Online
KVOX-FM,1000,4000,"Fargo, ND",Online
KVRR (FOX),3171,3171,"Fargo, ND",TV
KVUE Online,143688.5,574754,"Austin, TX",Online
KVVU-LV (FOX),7253,29012,"Las Vegas, NV",TV
KVVU-TV,16291,16291,"Las Vegas, NV",TV
KWGN (CW),4177,4177,"Denver, CO",TV
KWQC-DAV (NBC),15398,15398,"Davenport, IA",TV
KXII (CBS),5817,5817,"Sherman, TX",TV
KXRM (FOX),4633,4633,"Colorado Springs, CO",TV
KXXV-TV Online,10191.5,40766,"Waco, TX",Online
KXXV-WAC (ABC),9271,9271,"Waco, TX",TV
La Calle TV,1000,4000,National,Online
La Crosse Tribune,21295,85180,"La Crosse, WI",Online
Lake Sun Leader Online,3792,15168,"Springfield, MO",Online
Larry Brown Sports,39378,157512,National,Online
Latin Times,17076.25,68305,National,Online
Leaf Chronicle,4405.5,17622,Local,Online
LIncoln Journal Star,19287,77148,"Concord, MA",Online
Live 365,26321.25,105285,"Foster City, CA",Online
Live 99.9,1000,4000,"Mishawaka, IN",Online
Livingston Daily,1000,4000,Local,Online
Los Angeles Times,4311176.75,17244707,"Los Angeles, CA",Online
Lubbock Avalanche Journal,13678.75,54715,"Luccock, TX",Online
M Live,1000,4000,"Detriot, MI",Online
Macon Telegraph,17323.5,69294,"Macon, GA",Online
Mansfield News Journal,8200.5,32802,Local,Online
Market Screener,131992.75,527971,National,Online
Marketing Dive,19342,77368,"Denver, CO",Online
Marketing Dive Newsletter,4000,4000,National,Trade
Mashed,209915.5,839662,National ,Online
Mass Live,255278,1021112,"Boston, MA",Online
MassLive,156323.5,625294,"Boston, MA",Online
Media Post,40377.75,161511,National,Online
MediaPost,61228,244912,National ,Online
Medium,10445791.75,41783167,National,Online
MEL Magazine,121571.5,486286,National ,Online
Merced Sun Star,6237.5,24950,"Fresno, CA",Online
Miami Herald,790187.75,3160751,"Miami, FL",Online
Mile High Sports,4786.5,19146,National,Online
Minuto USA,1000,4000,National,Online
Mix 94.1,1000,4000,"Las Vegas, NV",Online
Mlive,433672.5,1734690,"Flint, Michigan",Online
Mobile Marketer,10074,40296,National,Online
Monmouth Review Atlas,1000,4000,Monmouth,Online
Montana Standard,11239,44956,"Butte, MT",Online
Morning Brew,40000,40000,National,Online
Morning Hangover,8542,8542,National,Social
Morning Report,27465,27465,National,TV
MSN,17367686.25,69470745,National ,Online
Muse by Clio,11042.5,44170,National,Online
Music Row,5853,23412,National,Online
My NDY TV,5394,5394,"Indianapolis, IN",TV
Myrtle Meach Online,1000,4000,Myrtle Beach,Online
Narcity,434892.75,1739571,National,Online
NASDAQ,611761.75,2447047,National ,Online
Nash Country Daily,8145.75,32583,"Nashville, TN",Online
NBC 26,10255,41020,"Green Bay, WI",Online
NBC Sports,1133235.5,4532942,National,Online
NBC Sports Boston,1133235.5,4532942,National,TV
NBC Sports Network,39123,39123,National,TV
NBC Sports Philadelphia,1133235.5,4532942,"Philadelphia, PA",Online
NBC Sports Washington,1133235.5,4532942,"Washington, DC",Online
Neosho Daily News,1000,4000,"Neosho, MO",Online
NESN,184782.75,739131,National,Online
New Country 92.3,1000,4000,"St. Louis, MO",Online
New Country 96.3,1000,4000,"Arlington, TX",Online
New York Daily News,1179356.75,4717427,"New York, NY",Online
New York Post,5480471.75,21921887,National,Online
New York's Country 94.7,1000,4000,"New York, NY",Online
News 12 Bronx,10802.5,43210,"Bronx, NY",Online
News 12 Long Island,3635,3635,"New York, NY",TV
News 12 NJ,1000,1000,"Newark, NJ",TV
News 12 Westchester,31110.5,124442,"New York, NY",TV
News 4 Jax,227035.5,908142,"Jacksonville, FL",Online
News 4 Jax fb,539708,539708,"Jacksonville, FL",Social
News break,712287.5,2849150,National,Online
News Leader,1000,4000,Local,Online
News Magazine Pro,1000,4000,National ,Online
News Opener,1000,4000,National ,Online
News Star,13038.25,52153,Local,Online
News West 9 (KWES),7547,30188,"Midland, TX",Online
Newsbreak,4473.25,17893,National ,Online
News-Press,43920.75,175683,"Fort Meyers, FL",Online
Newsweek,3084222.5,12336890,National,Online
nfl,717857.25,2871429,National,Online
NFL Netowkr,19246,19246,National,TV
NFL Network,30788,30788,National,TV
NFL Total Access,63204,63204,National,TV
NFL.com,1578201,6312804,National,Online
NHL.com,759131.75,3036527,National,Online
NJ.com,568484.25,2273937,National,Online
Northwest Floriday Daily,22344.25,89377,"Pensacola, FL",Online
Northwest Indiana Times,1000,4000,"Greenville, IN",Online
NY1,13358,13358,"New York, NY",TV
Ocala Star Banner,18147,72588,"Ocala, FL",Online
Olean Times Herald,98878,395512,"Orlean, NY",Online
OLT News,1000,4000,National,Online
Omaha World Herald,140213.5,560854,"Omaha, NE",Online
One News Page,1000,4000,National,Online
Opry,17278.25,69113,National,Online
Orlando Sentinel,174707.5,698830,"Orlando, FL",Online
Outkick,75469.5,301878,National,Online
Pal Item,4400,17600,"Richmond, ID",Online
Palladium-Item,4400,17600,Local,Online
Patriots Wire - USA Today,17654.75,70619,National,Online
Penn Live,200699.5,802798,"Harrisburg, PA",Online
PennLive,404746.5,1618986,National ,Online
Pensacola News Jouranl,21620.75,86483,"Pensacola, FL",Online
People,1747500,6990000,National,Online
People en Espanol,78999,315996,National,Online
People Magazine,3411860,3411860,National,Magazine
PFT,274918.25,1099673,National,Online
PHIL17-tV,23132,23132,"Philadelphia, PA",TV
Pick Six NFL Podcast,50000,50000,National,Social
Pine Bluff Commercial,4018.25,16073,"Pine Bluff, AR",Online
Play Crazy Game,2541.25,10165,National,Online
Pop Culture,325973.5,1303894,National,Online
Popculture,425915.5,1703662,National,Online
Popsugar,978428.25,3913713,National ,Online
Poughkeepsie Journal,17131.25,68525,"Poughkeepsie, NY",Online
Power 106.9,4349.75,17399,"Los Angeles, CA",Online
Power 96,1000,4000,"Faribault, MN",Online
Power 96.1,1312,5248,"Atlanta, GA",Online
Press From,1000,4000,National,Online
Press-Citizen,1000,4000,Local,Online
Pride of Detriot,8888,35552,"Detriot, MI",Online
"Pro Football Talk, NBC Sports",274918.25,1099673,National,Online
Public Opinion,3546.75,14187,"Chambersburg, PA",Online
Pure Wow,282001,1128004,National ,Online
Radio Stream,1000,4000,National,Online
Radio.com,768452.25,3073809,National,Online
Razor Wisconsin,1000,4000,"Green Bay, WI",Online
Record Online,11236.75,44947,Local,Online
Refinery29,1134034.25,4536137,National ,Online
Remezcla,44124,176496,National,Online
Report Door,6161.25,24645,National,Online
Respect,4780.5,19122,National,Online
Respect Mag,3767.75,15071,National,Online
Restaurant Business,29246.25,116985,National,Online
Reuters,3286717,13146868,National ,Online
Roanoke Times,49837.5,199350,"Roanoke, VA",Online
Rock 292 Rock,1000,4000,Local,Online
Rocket News,1000,4000,Local,Online
Rolling Stone,1493676,5974704,National,Online
rrstar.com,13888.25,55553,"Rockford, IL",Online
Salina Journal,2973.25,11893,"Salina, KS",Online
Sarasota Herald Tribune,38862.25,155449,"Sarasota, FL",Online
Saturday Night Live,1974071,1974071,National ,TV
Savannah Morning News,16257.75,65031,"Savannah, GA",Online
SeaCoastonline,17822.75,71291,"Potsmouth, NH",Online
Seeking Alpha,984200.5,3936802,National,Online
Simplemost,94389,377556,National ,Online
SmartBrief,62557.25,250229,National,Online
Snart Brief,62557.25,250229,National,Online
SoBros Network,0,,National ,Online
South Coast Today,28270.5,113082,"Miami, FL",Online
Southwest Times Record,1000,4000,Local,Online
Spencer Dukoff IG,1126,1126,National ,Social
Sport Techie,5779.75,23119,National,Online
Sporting News,598640.75,2394563,National,Online
SportingNews,438808.75,1755235,National,Online
Sports Business Daily,17692,70768,National,Online
Sports Illustrated,804499.5,3217998,National,Online
Sports Illustrated fb,3137371,3137371,National,Social
SportsBusiness Daily,17692,70768,National,Online
Sportscasting,27897,111588,National,Online
Sportsnet,218694.75,874779,Canada,Online
Spot On Florida,1611,6444,"Jacksonville, FL",Online
Springfirned News leader,26899.75,107599,"Springfield, CT",Online
St. Louis Dispatch,349912.5,1399650,"St. Louis, MO",Online
St. Louis Post-Dispatch,349912.5,1399650,National ,Online
Star 1021,1000,4000,"Houston, TX",Online
Staten Island Live,70811.75,283247,"Staten Island, NY",Online
Statesman Journal,22411.75,89647,"Statesman, ID",Online
Steelers Depot,4349.5,17398,National,Online
Stephenville Empire-Tribune,1000,4000,"Stephensville, TX",Online
Storm Lake Radio,1000,4000,National,Online
Street Fight Mag,1000,4000,National,Online
SWX Online,1839.75,7359,"Spokane, WA",Online
Tampa Bay Times,459692.25,1838769,"Tampa Bay, FL",Online
Taste of Country,84026,336104,National,Online
Taste of Home,1778011.75,7112047,National ,Online
TeleRadio America,1000,4000,National,Online
The Apalach Times,1000,4000,Local,Online
The Baltimore Sun,256023.75,1024095,"Baltimore, MD",Online
The Bismark Tribune,1000,4000,"Bismark, SD",Online
The Boot,46114.5,184458,National,Online
The Bull 98.7,1000,4000,Local,Online
The Courier,1405.75,5623,"Lincoln, IL",Online
The Courier-Tribune,6816.25,27265,"Ashebor, NC",Online
The Daily Herald,8137.25,32549,"Nashville, TN",Online
The Daily Press,41263,165052,Local,Online
The Daily Record,8437.5,33750,"Wooster, OH",Online
The Daily Reporter,2598.75,10395,"Coldwater, MI",Online
The Denver Channel,142510.25,570041,"Denver, CO",Online
The Destin Log,1904.5,7618,"Destin, FL",Online
The Detroit News,170380.75,681523,"Detroit, MI",Online
The Drum,102698.5,410794,National,Online
The Epoch Times,483182.5,1932730,"Chicago, IL",Online
The Examiner,3146.5,12586,"Kansas City, MO",Online
The Fresno Bee,73910.25,295641,"Fresno, CA",Online
The Gadsden Times,5746.75,22987,"Gadsen, AL",Online
The Gaston Gazette,7305.25,29221,"Gastonia, NC",Online
The Hawk Eye,4919.75,19679,"Burlington, IA",Online
The Hype Magazine,3665.25,14661,National ,Online
The Island Packet,14708.5,58834,"Tampa, FL",Online
The Jaguard Wire fb,8466,8466,National,Social
The Mighty 790 (KFGO),1000,4000,"Fargo, ND",Radio
The Modesto Bee,21377.5,85510,"Modesto, CA",Online
The Morning Call,89587,358348,"Allentown, PA",Online
The Morning Star,1000,4000,Local,Online
The Music Universe,1000,4000,National,Online
The New York Times,8371176.25,33484705,National,Online
The News Star,13038.25,52153,"Monroe, LA",Online
The Olympian,18248,72992,Myrtle Beach,Online
The Palm Beach Post,66930.25,267721,"Palm Beach, FL",Online
The Pantagraph,29437.75,117751,"Bloomington, IL",Online
The Pat McAfee Show,913000,913000,National,Social
The Post Star,1000,4000,Local,Online
The Repository,19651,78604,"Canton, OH",Online
The Rich Eisen Show,30458,30458,National,TV
The Score,89432,357728,National,Online
The Shawnee News Star,3901.75,15607,"Shawnee, OK",Online
The Spokesman-Review,122812,491248,"Spokane, WA",Online
The Spokesman-Review fb,72409,72409,"Spokane, WA",Social
The Spun,151721.25,606885,National,Online
The Star,1000,4000,Florida,Online
The State Journal-Register Online,27432.75,109731,"springfield, IL",Online
The Sun-Sentinel,238881.25,955525,Floriday,Online
The Tribune,30177.75,120711,"San Luis, CA",Online
The Tuscaloosa News Online,11001.75,44007,"Tuscaloosa, AL",Online
The Union Journal,14554.5,58218,National ,Online
The Virginian Pilot,76963.75,307855,"Norfolk, VA",Online
The Washington Post,5132932.5,20531730,National,Online
thetacomaledger.com,1000,4000,National,Online
Thrillist,901767.25,3607069,National ,Online
Time Out Miami,1159510.25,4638041,"Miami, FL",Online
Times Free Press,3266.25,13065,National,Online
Times Herald Record,26925.5,107702,"Middletown,NY",Online
TMZ,958887.25,3835549,National,Online
Total Pro Sports,131809.25,527237,National,Online
Totally 93.9 ,1000,4000,"Miami, FL",Online
Touchdown Wire,16719.25,66877,National,Online
Trend Hunter,84699,338796,National,Online
Trendhunter,109032.25,436129,National ,Online
TribLive,7033.75,28135,National,Online
Tulsa World,239502,958008,"Tulsa, OK",Online
Tuscon,10078,40312,"Tuscon, AZ",Online
Twiiter: Knox Bardeen,12000,12000,"Atlanta, GA",Social
Twiiter: Rob Jarnetty,9594,9594,National,Social
Twin Cities Pioneer Press,88894.5,355578,"Minneapolis, MN",Online
Twitter - 105.3 The FAN,84242,84242,National,Social
Twitter - 10News,177496,177496,"San Diego, CA",Social
Twitter - 13 News Now,141154,141154,"Norfolk, VA",Social
Twitter - 7 News Boston,337454,337454,"Boston, MA",Social
Twitter - 96.9 The Game,7625,7625,National,Social
Twitter - 97.1 The Ticket,193548,193548,"Detroit, MI",Social
Twitter - 9News Denver,447998,447998,"Denver, CO",Social
Twitter - 9NEWS Sports Denver,14457,14457,"Denver, CO",Social
Twitter - ABC27,30446,30446,"Tallahassee, FL",Social
Twitter - Andrew Abramson,15992,15992,National,Social
Twitter - Andrew LaCombe,2374,2374,National ,Social
Twitter - Best Products,6785,6785,National ,Social
Twitter - Brandon Wenerd,8076,8076,National ,Social
Twitter - CNN Business,1836954,1836954,National ,Social
Twitter - Country 102.5,18547,18547,"Nashville, TN",Social
Twitter - Darren Rovell,2036502,2036502,National,Social
Twitter - Delish.com,61114,61114,National ,Social
Twitter - First Coast News,132739,132739,"Jacksonville, FL",Social
Twitter - For The Win,85762,85762,National,Social
Twitter - FOX 47 News,14011,14011,"Lansing, MI",Social
Twitter - Freep Sports,44976,44976,"Detroit, MI",Social
Twitter - Front Office Sports,51756,51756,National,Social
Twitter - Jaguar Repotr,3997,3997,National,Social
Twitter - Jeremy Darlow,84810,84810,National,Social
Twitter - Joe Miragliotta,24248,24248,National ,Social
Twitter - Jordan Valinsky,4143,4143,National ,Social
Twitter - Julie Stewart-Binks,92680,92680,National,Social
Twitter - Justin Barney,11482,11482,National,Social
Twitter - KSDK News,237552,237552,"St. Louis, Mo",Social
Twitter - KTNV 13 Action News,185511,185511,"Las Vegas, NV",Social
Twitter - KVUE News,217762,217762,"Austin, TX",Social
Twitter - Kype P,2996,2996,National ,Social
Twitter - Matthew Berry,1039696,1039696,National,Social
Twitter - Mediapost,115114,115114,National ,Social
Twitter - Micahel Aaron,1587,1587,"Austin, TX",Social
Twitter - News 6 WKMG,140745,140745,"Orlando, FL",Social
Twitter - News4JAX,181350,181350,"Jacksonville, FL",Social
Twitter - Now 105.7 Binghamton,2470,2470,National ,Social
Twitter - Pat Chun,9854,9854,National,Social
Twitter - Pat Evans,2459,2459,National,Social
Twitter - PFF Fantasy Football,207765,207765,National,Social
Twitter - Radio.com Sports,3072,3072,National,Social
Twitter - Sporting News ,225798,225798,National,Social
Twitter - Sports Illustrated,1804049,1804049,National,Social
Twitter - Steve Gehlbach,5733,5733,National,Social
Twitter - Steve Schale,32633,32633,National,Social
Twitter - The Jaguars Wire,3356,3356,National,Social
Twitter - Tom Barrabi,1474,1474,National,Social
Twitter - Touchdown Wire,4019,4019,National,Social
Twitter - USA Today Sports,240330,240330,National,Social
Twitter - WBIR Channel 10,182601,182601,National,Social
Twitter - WGRZ,191453,191453,National ,Social
Twitter - WTOL 11,105956,105956,"Toledo, OH",Social
Twitter: @Adage,990079,990079,National,Social
Twitter: @Big Cat Coutnry,37227,37227,"Jacksonville, FL",Social
Twitter: @brobiblw,142018,142018,National,Social
Twitter: @Captials,778413,778413,"Washington, DC",Social
Twitter: @Chargers,886424,886424,"Los Angeles, CA",Social
Twitter: @ClohertyWTOP,3130,3130,"Washginton, DC",Social
Twitter: @David Armano,74812,74812,"Chicago, IL",Social
Twitter: @Deaktak,29575,29575,National,Social
Twitter: @FiveTimesAugust,54668,54668,National,Social
Twitter: @Frntofficesports,46034,46034,National,Social
Twitter: @gregWyshynski,202871,202871,National,Social
Twitter: @kirtbardella,40968,40968,National,Online
Twitter: @Mbraves,28438,28438,Mississippe,Social
Twitter: @mediapost,115149,115149,National,Social
Twitter: @meglinhan,18534,18534,National,Social
Twitter: @nyknicks,2174854,2174854,"New York, NY",Social
Twitter: @Philiplouis01,2315,2315,National,Social
Twitter: @Redskins,1264788,1264788,Washington ,Social
Twitter: @StLouisBlues,752775,752775,"St. Louis, MO",Social
Twitter: @Trendhunter,239961,239961,National,Social
Twitter: 101.7 The Hammer,1495,1495,"Lafayette, Indiana",Social
Twitter: 102.5 The Bone,30887,30887,National,Social
Twitter: 102.7 KIIS FM,352063,352063,"Los Angeles, CA",Social
Twitter: 106.5 WSFL,800,800,"Miami, FL",Social
Twitter: 12Up,26170,26170,National,Social
Twitter: 94.5 The Buzz,53956,53956,"Tampa, FL",Social
Twitter: 96.9 The Game,367596,367596,"Orlando, FL",Social
Twitter: 98 Rock Tampa Bay,14351,14351,"Tampa, FL",Social
Twitter: Adam Hoge,48522,48522,National,Social
Twitter: Adam Huge,48522,48522,National,Social
Twitter: Adam Schefter,7853111,7853111,National,Social
Twitter: adpulp,2153,2153,National,Social
Twitter: Adweek,632639,632639,National,Social
Twitter: Aerial Powers,10459,10459,National,Social
Twitter: Alex Gleitman,21504,21504,National,Social
Twitter: Allie Long,130774,130774,National,Social
Twitter: Andre Reed,68776,68776,National,Social
Twitter: Andrea Pet,2413,2413,National,Social
Twitter: Areial Powers,10514,10514,National,Social
Twitter: Around the NFL,664449,664449,National,Social
Twitter: Austen Bundy,1140,1140,National,Social
Twitter: bardown,134637,134637,National,Social
Twitter: Barstool Sports,2292716,2292716,National,Social
Twitter: Ben Fischer,7897,7897,National,Social
Twitter: Ben Katko,2181,2181,National,Social
Twitter: Benjamin Raven,3472,3472,National,Social
Twitter: Best Ads,53743,53743,National,Social
Twitter: Big D,22691,22691,National,Social
Twitter: big955chicago,10482,10482,National,Social
Twitter: Billboard,8606926,8606926,National,Social
Twitter: Billboard Biz,146106,146106,National,Social
Twitter: Brandon Daniels,246,246,National,Social
Twitter: Brandon McManus,35800,35800,National,Social
Twitter: Brandon Pope,9925,9925,National,Social
Twitter: Brandon Weigel,3939,3939,National,Social
Twitter: BroBible,141996,141996,National,Social
Twitter: Brooke Ashley Taylor,21729,21729,National,Social
Twitter: CBS Baltimore (WJZ),255089,255089,"Baltimore, MD",Social
Twitter: Charles Boehm,14336,14336,National,Social
Twitter: Cheryl Casone,45224,45224,National,Social
Twitter: Chicago Tribune Sports,35551,35551,"Chicago, IL",Social
Twitter: Chris Biderman,21189,21189,National,Social
Twitter: Chris Brockman,14625,14625,National,Social
Twitter: Chris Duel,9547,9547,National,Social
Twitter: Chris Janson,103570,103570,National,Social
Twitter: Christina Nicholson,15438,15438,"Miami, FL",Social
Twitter: Clem,91129,91129,National,Social
Twitter: Cody Alan,243983,243983,National,Social
Twitter: Complex,2198430,2198430,National,Social
Twitter: Cory Mageors,17941,17941,National,Social
Twitter: Country Living,548681,548681,National,Social
Twitter: Darren Rovell,2053955,2053955,National,Social
Twitter: David Folse,3804,3804,National,Social
Twitter: DK Metcalf,109357,109357,National,Social
Twitter: Eddie Timanus,2478,2478,Local,Social
Twitter: Entertainment Rocks,1091,1091,National,Social
Twitter: Eric Paschall,26785,26785,National,Social
Twitter: ESPN 1420,5843,5843,National,Social
Twitter: ESPN Esports,486350,486350,National,Social
Twitter: ET Canada,376810,376810,National,Social
Twitter: Evan Millward,6198,6198,National,Social
Twitter: Fansided NFL,4363,4363,National,Social
Twitter: FOX43  ,83395,83395,"York, PA",Social
Twitter: FOX43 Sports ,367596,367596,"York, PA",Social
Twitter: Freep Sports,11277.5,45110,"Detroit, MI",Social
Twitter: Fresno Bee,92521,92521,Fresno,Social
Twitter: Gavin Lux,22616,22616,National,Social
Twitter: Gina Crash,3098,3098,National,Social
Twitter: Golden Boy,136758,136758,National,Social
Twitter: Gwinnett Daily,46252,46252,"Gwinnett, GA",Social
Twitter: Hola! USA,13396,13396,National,Social
Twitter: Hunter Harris,81281,81281,National,Social
Twitter: Ian Rapoport,2240626,2240626,National,Social
Twitter: Jalen Brunson,33386,33386,National,Social
Twitter: Jameson Fleming,3129,3129,National,Social
Twitter: Jason Horowitz,6997,6997,National,Social
Twitter: Jay Bir,3263,3263,National,Social
Twitter: Jeff Benjamin,152260,152260,National,Social
Twitter: Jeff Kerr,7412,7412,National,Social
Twitter: Jenn Frederick,42788,42788,National,Social
Twitter: John Breech,8415,8415,National,Social
Twitter: John Niyo,3372.75,13491,"Detroit, MI",Social
Twitter: Josh Hart,372838,372838,National,Social
Twitter: Josh Moser,12273,12273,National,Social
Twitter: Josh Terry,13411,13411,National ,Social
Twitter: Justin Dunn,7771,7771,National,Social
Twitter: Justin Taylor,14568,14568,National,Social
Twitter: Kaci Koviak,806,806,National ,Social
Twitter: Kami Mattiolo,9566,9566,National ,Social
Twitter: Kelly Dobeck,6985,6985,"Cleveland, OH",Social
Twitter: KOST 1035,18551,18551,Local,Social
Twitter: Kurt Bardella,45009,45009,National,Social
Twitter: Lindsey OK,31324,31324,National,Social
Twitter: Lions Wire,9483,9483,"Detriot, MI",Social
Twitter: Liz Arreola,3833,3833,National,Social
Twitter: Liz Claman,102440,102440,National,TV
Twitter: Louie G,22721,22721,National,Social
Twitter: Louisie G,22708,22708,National,Social
Twitter: Marcus Peters,79745,79745,National,Social
Twitter: Marketing Dive,11436,11436,National,Social
Twitter: Marty Bass,6679,6679,"Baltimore, MD",Social
Twitter: Maverick Phillips,26902,26902,National,Social
Twitter: Megan Chayka,22872,22872,National,Social
Twitter: Michael Schwartz,1214,1214,"Rochester, NY",Social
Twitter: Michael Spencer,4698,4698,National,Social
Twitter: Mike Corcoran,3487,3487,National,Social
Twitter: Mile High Sports,14279,14279,National,Social
Twitter: Mlive,310104,310104,"Flint, Michigan",Social
Twitter: Mo Egger,58405,58405,National,Social
Twitter: Morning Hangover,8551,8551,National,Social
Twitter: Muse by Clio,4087,4087,National,Social
Twitter: NBC Sports Philadelphia,90227.5,360910,"Philadelphia, PA",Social
Twitter: NBC Sports Redskins,36332,36332,"Washington, DC",Social
Twitter: NESN,318799,318799,"Boston, MA",Social
Twitter: New York Rangers,1456747,1456747,"New York, NY",Social
Twitter: New York Times Music,177216,177216,National,Online
Twitter: News West 9,17528,17528,"Midland, TX",Social
Twitter: NWSL,192796,192796,National,Social
Twitter: patrick Renna,37504,37504,National,Social
Twitter: Penn Live,120982,120982,"Harrisburg, PA",Social
Twitter: Pennsylvania Sports,13088,13088,Pennsylvania,Social
Twitter: People,7638850,7638850,National,Social
Twitter: Pete Alonso,99253,99253,National,Social
Twitter: POPSUGAR Latina,4569,4569,National,Social
Twitter: ProFootballTalk,1608150,1608150,National,Social
Twitter: Puckett For Hire,241757,241757,National,Social
Twitter: Reuters,22676125,22676125,National ,Social
Twitter: Reuters Business,2189166,2189166,National ,Social
Twitter: Reuters U.S. News,118104,118104,National ,Social
Twitter: Rob Higgins,8365,8365,"Tampa, FL",Social
Twitter: Rob Williams,18221,18221,National,Social
Twitter: Roberto Abramowitz,14156,14156,National,Social
Twitter: Rod Ryan Show,121236,121236,National,Social
Twitter: Rolling Stone,6317268,6317268,National,Social
Twitter: Rolling Stone Country,55471,55471,National,Social
Twitter: Royce O'Neale,36353,36353,National,Social
Twitter: RS Country,55459,55459,National,Social
Twitter: Ryan Barwick,625,625,National,Social
Twitter: Ryan Conway,6004,6004,National,Social
Twitter: Ryan Decker,820,820,National,Social
Twitter: RyanSmithFLA,24697,24697,National,Social
Twitter: Sage Steele,186182,186182,National,Social
Twitter: Sport Techie,31930,31930,National,Social
Twitter: Sports Business Journal,104518,104518,National,Social
Twitter: Sports Business Radio,14398,14398,National,Social
Twitter: Sports Jim,2048,2048,National,Social
Twitter: Sportsnet,747022,747022,National,Social
Twitter: Stay Home Sul,1683,1683,"Topeka, kansas",Social
Twitter: Steve Mason,57377,57377,National,Social
Twitter: The Jaguar Wire ,3354,3354,"Jacksonville, FL",Social
Twitter: The Modesto Bee,65141,65141,"Modesto, CA",Social
Twitter: The Score,593795,593795,National,Social
Twitter: TMZ,5410071,5410071,National,Social
Twitter: TMZ Sports,215673,215673,National,Social
Twitter: Top Shelf Direct ,26751,26751,National,Social
Twitter: Tribune-Review Sports,32821,32821,"Pittsburgh, PA",Social
Twitter: Twitch Esports,362543,362543,National,Social
Twitter: USA Today NFL,32486,32486,National,Social
Twitter: USA Today Sports,241597,241597,National,Social
Twitter: Walter Allen Fox 13,7179,7179,"Tampa, FL",Social
Twitter: WGN Morning News,102095,102095,"Chicago,IL",Social
Twitter: Will Brinson,82154,82154,National,Social
Twitter: WNKY TV,5211,5211,"Bowling Green, KY",Social
Twitter: WSVN 7 News,409300,409300,"Miami, FL",Social
Twitter: WTKR News 3,103811,103811,"Norfolk, VA",Social
Twitter: XTRA1360,15168,15168,National,Social
Twitter: Zach Dean,2088,2088,National,Social
Twitter: Zach Gelb,5924,5924,National,Social
Twitter:97.5 WAMZ,5591,5591,National,Social
Twitter:Maverick Phillips,27045,27045,National,Social
Twitter:New Orleans Saints,1530999,1530999,National,Social
Twitter:Or Moyal,3062,3062,National,Social
Twitter:Puckett For Hire,242593,242593,National,Social
Twitter:Redskins,1264181,1264181,National,Social
Twitter:The Checkdown,371392,371392,National,Social
Twitter:US99 Chicago,28761,28761,"Chicago, IL",Social
Twitter; @espn1420,5843,5843,National,Social
Twitter; @mercedesintheAM,18604,18604,National,Social
Twitterl Denver Biz Journal,101468,101468,"Denver, CO",Social
U Disocver Music,45586,182344,National,Online
UDA Today Lions Wire,10000,40000,"Detriot, MI",Online
US 99 fb,93575,93575,"Chicago, IL",Social
US 99 Online,1000,4000,"Chicago, IL",Online
US News and World Report,3382038.75,13528155,National ,Online
US Weekly,335100.25,1340401,National,Online
USA Today,7488748,29954992,National,Online
USA Today Sports fb,1140474,1140474,National,Social
Variety Online,1139670,4558680,National,Online
Venture Beat,348809.5,1395238,National,Online
Vinepair,134907.75,539631,National ,Online
Viral Legends,1000,4000,National,Online
Vulture,1097199,4388796,National ,Online
WAAY (ABC),8825,8825,"Huntsville, AL",TV
Waco Tribune,19483,77932,"Waco, TX",Online
WALA (FOX),20112,20112,"Mobile, AL",TV
Wanna Do,1000,4000,"Nashville, TN",Online
Washington County News,2896.75,11587,"Chipley, FL",Online
WAVE-LOU (NBC),37907,37907,"Louisville, KY",TV
Waxahachie Daily Light,3975,15900,"Dallas, TX",Online
WBBH-TV,31290,31290,"Fort Myers, FL",TV
WBFF-BAL (FOX),46500,46500,"Baltimore, MD",TV
WBIR (NBC),21554,21554,"Knoxville, TN",TV
WBIR Online,50058.75,200235,"Knoxville, TN",Online
WBND (ABC),5693,5693,"South Bend, IN",TV
WBNS-CBO (CBS),13880,13880,"Columbus, OH",TV
WBOC-16 (CBS),10497,10497,"Salisbury, MD",TV
WBRZ,33336.25,133345,"Baton Rouge, LO",Online
WBUP-TV,8750,8750,"Detroit, MI",TV
WBVT-TV,6517,6517,"Norfolk, VA",TV
WBWN- FM Online,1000,4000,"Bloomington, IL",Online
WCAX-BUR (CBS),9736,9736,"Burlington, VT",TV
WCCQ 98.3,1000,4000,"Crest Hill, IL",Online
WCHS (ABC),11133,11133,"Charleston, WV",TV
WCIV-CHS (ABC),9985,9985,"Charleston, SC",TV
WCJB (ABC),30423,30423,"Gainesville, FL",TV
WCJC 99.3,1000,4000,Local,Online
WCKG fb,53244,53244,"Chicago, IL",Social
WCPO,78420,313680,"Cincinnati, OH",Online
WCTI-GRENC (ABC),9287,9287,"Greenville, NC",TV
WDAF-KC (FOX),44310,44310,"Kansas City, MO",TV
WDAM (NBC),4000,4000,"Hattiesburg, MS",TV
WDHA,1000,4000,"Cedar Knolls, NJ",Online
WDIV-TV,45941,45941,"Detroit, MI",TV
WDJT-MILW (CBS),5998,5998,"Milwaukee, WI",TV
WDJT-TV (CBS),3208,3208,"Milwaukee, WI",TV
WDSU-TV,11841,11841,"New Orleans, LA",TV
WDTV (CBS),1258,1258,"Clarksburg, WV",TV
WEAR (ABC),25500,25500,"Mobile, AL",TV
WEAU (NBC),4856,4856,"La Crosse, WI",TV
WECT (NBC),1250,1250,"Wilmington, NC",TV
Wellington Daily News,739.25,2957,"Wellington, KS",Online
WENY,1000,4000,Local,Online
WFBC-FM,1000,4000,"Greenville, Sc",Online
WFMS,1000,4000,"Indianapolis, IN",Online
WFMZ-TV Online,96726.25,386905,"Allentown, PA",Online
WFOX,21992,21992,"Jacksonville, FL",TV
WFSB-HFD (CBS),41127,41127,"Hartford-New Haven, CT",TV
WFTX-FTM (FOX),173,173,"Fort Myers, FL",TV
WFTX-TV Online,21980.75,87923,"Cape Coral, FL",Online
WFXB (FOX),1262,1262,"Myrtle Beach, SC",TV
WFXB-TV,4000,4000,"Myrtle Beach, SC",TV
WFXG (FOX),1543,1543,"Augusta, GA",TV
WFXP (FOX),1276,1276,"Erie, PA",TV
WFXT-BOS (FOX),4547,4547,"Boston, MA",TV
WGBA (NBC),1418,1418,"Green Bay, WI",TV
WGGB-SPR (ABC),13252,13252,"Springfield, MA",TV
WGHP-TV,41680,41680,"Greensboro, NC",TV
WGMD Online,5195.25,20781,"Lewes, DE",Online
WGN-TV,80289,80289,"Chicago, IL",TV
WGOW,1000,4000,"Chattanooga, TN",Online
WGRZ Online,75158,300632,"Buffalo, NY",Online
WHDH,106407.5,425630,"Boston, MA",Online
WHIO (CBS),41518,41518,"Dayton, OH",TV
Whiskey Riff,57245.75,228983,National ,Online
WHNS (FOX),2847,2847,"Greenville, SC",TV
WHTT,98.5,394,"Buffalo, NY",Online
WICC,116,464,"Bridgeport, CT",Online
WICZ,10564,42256,"Binghamton, NY",Online
Wide Open Eats,65806.5,263226,National ,Online
WIKY,1000,4000,"Evansville, IN",Online
WILM (CBS),175,175,"Wilmington, NC",TV
WILX (NBC),3792,3792,"Lansing, MI",TV
WIN 98.5,1081.75,4327,"Grand Rapids, MI",Online
WIN Country,1000,4000,National,Online
WISH-IN (CW),8937,8937,"Indianapolis, IN",TV
WISH-TV,12388,12388,"Indianapolis, IN",TV
WISN-MKE (ABC),72858,72858,"Milwaukee, WI",TV
Wisonsin State Farmer,12455.75,49823,Wisconsin,Online
WITI-MILW (FOX),32657,32657,"Milwaukee, WI",TV
WIVB,34459.25,137837,"Buffalo, NY",Online
WIVK 107.7,1000,4000,Local,Online
WJAC (NBC),6893,6893," Johnstown-Altoona, PA",TV
WJBK-DET (FOX),17690,17690,"Detroit, MI",TV
WJBK-TV,88893,88893,"Detroit, MI",TV
WJFW (NBC),4000,4000,"Wausau, WI",TV
WJRZ,1000,4000,"New York, NY",Online
WJW-CLE (FOX),62221,62221,"Cleveland, OH",TV
WJXT-JAX,45779,45779,"Jacksonville, FL",TV
WJXX-JAX (ABC),7534,7534,"Jacksonville, FL",TV
WKBW,142076.75,568307,"Buffalo, NY",Online
WKDQ Online,5265.25,21061,"Chicago, IL",Online
WKKG,1000,4000,"Columbus, IN",Online
WKML 95.7,1000,4000,"Fayetteville, NC",Online
WKNY TV Online,4278,17112,"Bowling Green, KY",Online
WKRN-NAS (ABC),54425,54425,"Nashville, TN",TV
WKXA 100.5,1000,4000,"Findlay, OH",Online
WLEX-TV online,89326,357304,"Lexington, KY",Online
WLKY-LOU (CBS),37038,37038,"Louisville, KY",TV
WLNE-PVD (ABC),5208,5208,"Providence, RI",TV
WLOX (ABC),7616,7616,"Biloxi, MS",TV
WLUK-TV,29875,29875,"Green Bay, WI",TV
WMDT (ABC),2352,2352,"Salisbury, MD",TV
WMGK,1000,4000,"Bala, PA",Online
WMXI,1000,4000,"Detriot, MI",Online
WNBC-NY (NBC),379004,379004,"New York, NY",TV
WNBC-TV,205084,205084,"New York, NY",TV
WOAI-SAT (NBC),9939,9939," San Antonio, TX",TV
WOKQ,1727.25,6909,National,Online
WOKQ Online,1727.25,6909,National,Online
WOKV Online,6996.75,27987,"Jacksonville, FL",Online
WOKV-AM (Radio),4000,4000,"Jacksonville, FL",Radio
WOLO- COL (ABC),9168,9168,"Columbia, SC",TV
WPBF (ABC),51952,51952,"West Palm Beach, FL",TV
WPBN (NBC),17290,17290,"Denver, CO",TV
WPDE (ABC),3731,3731," Myrtle Beach, SC",TV
WPIR-TV,90821,90821,"Providence, RI",TV
WPMT-TV,10507,10507,"Harrisburg, PA",TV
WPOC,2540.5,10162,"Baltimore, MA",Online
WPRI-PVD (CBS),43445,43445,"Providence, RI",TV
WPTV,78396.25,313585,"West Palm Beach, FL",Online
WPTV (NBC),13941,13941,"West Palm Beach, FL",TV
WPTZ-BUR (NBC),22919,22919,"Burlington, VT",TV
WQRF (FOX),1377,1377,"Rockford, IL",TV
WQXA,1000,4000,"York, PA",Online
WRAL,1000,4000,"Raleigh, NC",Online
WRAL online,290276.75,1161107,"Raleigh, NC",Online
WRCB (NBC),10851,10851," Chattanooga, TN",TV
WRIC-RIC (ABC),5008,5008,"Richmond, VA",TV
WRIF,5174.25,20697,"Detriot, MI",Online
WROR,1000,4000,"Dorchester, MA",Online
WRTC,53566.25,214265,"Indianapolis, IN",Online
WRTV-Online,47212.25,188849,"Indianapolis, IN",Online
WSAW (CBS),20504,20504,"Wausau, WI",TV
WSAZ (NBC),5383,5383,"Charleston, WV",TV
WSCV (Telemundo),22528,22528,"Miami, FL",TV
WSMV-TV (NBC),68955,68955,"Nashville, TN",TV
WSPT ,1000,4000,Local,Online
WSVN,87765,351060,"Miami, FL",Online
WSVN-TV fb,621373,621373,Miami,Social
WTHI 99.9,1000,4000,"Terre Haute, IN",Online
WTHR.com,139757.25,559029,National,Online
WTHR-IN (NBC),53106,53106,"Indianapolis, IN",TV
WTIC-HFD (FOX),10453,10453,"Hartford-New Haven, CT",TV
WTKR-NFK (CBS),27156,27156,"Norfolk, VA",TV
WTKR-TV Online,54498,217992,"Norfolk, VA",Online
WTMJ,56473.75,225895,"Milwaukee, WI",Online
WTMJ-TV Online,39608.75,158435,"Milwaukee, WI",Online
WTNZ (FOX),7634,7634,"Knoxville, TN",TV
WTOL Online,34615.75,138463,"Toledo, OH",Online
WTOP ,303741.5,1214966,Washington DC,Online
WTVA (NBC),11720,11720,"Columbus, MS",TV
WTVC (ABC),8553,8553," Chattanooga, TN",TV
WTVF-TV,125022,125022,"Nashville, TN",TV
WTVG (ABC),38553,38553,"Toledo, OH",TV
WTVQ (ABC),8442,8442,"Lexington, KY",TV
WTVR,94944.75,379779,"Richmond, VA",Online
WTVR-TV Online,79612.75,318451,"Richmond, VA",Online
WTVT-TB (FOX),25146,25146,"Tampa Bay, FL",TV
WTWC-TV,3609,3609,"Tallahasse, FL",TV
WTXF-PHI (FOX),21120,21120," Philadelphia, PA",TV
WTXF-TV,73062,73062,"Philadelphia, PA",TV
WUPW (FOX),4211,4211,"Toledo, OH",TV
WVAH-TV,6331,6331,"Charleston, SC",TV
WVFX (FOX),959,959,"Clarksburg, WV",TV
WVIR (NBC),7907,7907,"Charlottesville, VA",TV
WWAY (ABC),7790,7790,"Wilmington, NC",TV
WXII (NBC),8610,8610,"Greensboro, NC",TV
WXIX-CIN (FOX),28760,28760,"Cincinnati, OH",TV
WXYZ,90467.5,361870,"Detriot, MI",Online
WXYZ-TV Online,88506.25,354025,"Detroit, MI",Online
WYDO-GRENC (FOX),932,932,"Greenville, NC",TV
WYZZ (FOX),2605,2605,"Peoria, IL",TV
WZDX-TV,15429,15429,"Hunstville, AL",TV
WZTV-TV (FOX,18800,18800,"Nashville, TN",TV
WZVN-FTM (ABC),788,788,"Fort Myers, FL",TV
WZVN-TV,9191.75,36767,"For Myers, FL",TV
WZZM-TV,35082,35082,"Grand Rapids, MI",TV
Y100 Country,1000,4000,"Green Bay, WI",Online
Y102 Hot Country,1000,4000,"Kearney, NE",Online
Yahoo,37331195.5,149324782,National ,Online
Yahoo Entertainment,39939879,159759516,National ,Online
Yahoo Finance,4812413.75,19249655,National ,Online
Yahoo Life fb,2204595,2204595,National ,Social
Yahoo Lifestyle,39939879,159759516,National ,Online
Yahoo Money,183406,733624,National,Online
Yahoo News,39939879,159759516,National ,Online
Yahoo Sports,2697486.75,10789947,National,Online
Yahoo Sports!,1969601.75,7878407,National ,Online
Yahoo! News,37331195.5,149324782,National,Online
Yahoo! Noticias,103995.5,415982,National,Online
YardBarker,84310.25,337241,National,Online
YouTube - CBS 4 Indy,950,950,National ,Social
YouTube - Joe's Daily,14300,14300,National ,Social
z94.3,1000,4000,"Mishawaka, IN",Online
South Magazine,500000,2000000,National,TESTING
VH1,600000,2400000,National,TESTING